id  firstname  lastname  email  profession
100  Nadine  Wenoa  Nadine.Wenoa@yopmail.com  developer
101  Carolina  Annabella  Carolina.Annabella@yopmail.com  worker
102  Molli  Neva  Molli.Neva@yopmail.com  firefighter
103  Anallese  Garrison  Anallese.Garrison@yopmail.com  firefighter
104  Susette  Gilbertson  Susette.Gilbertson@yopmail.com  police officer
105  Roz  Read  Roz.Read@yopmail.com  worker
106  Zaria  Martsen  Zaria.Martsen@yopmail.com  developer
107  Nollie  Chinua  Nollie.Chinua@yopmail.com  doctor
108  Gui  Bandeen  Gui.Bandeen@yopmail.com  police officer
109  Deedee  Drisko  Deedee.Drisko@yopmail.com  firefighter
110  Charlena  Erlandson  Charlena.Erlandson@yopmail.com  developer
111  Jean  Goth  Jean.Goth@yopmail.com  firefighter
112  Doro  Yorick  Doro.Yorick@yopmail.com  developer
113  Ann-Marie  Pulsifer  Ann-Marie.Pulsifer@yopmail.com  developer
114  Dyann  Ellord  Dyann.Ellord@yopmail.com  police officer
115  Ada  Sammons  Ada.Sammons@yopmail.com  worker
116  Jorry  Kendrick  Jorry.Kendrick@yopmail.com  firefighter
117  Nonnah  Lunsford  Nonnah.Lunsford@yopmail.com  doctor
118  Livvyy  Chinua  Livvyy.Chinua@yopmail.com  firefighter
119  Ivett  Dielu  Ivett.Dielu@yopmail.com  doctor
120  Mady  Maxi  Mady.Maxi@yopmail.com  worker
121  Betta  Rosette  Betta.Rosette@yopmail.com  doctor
122  Annora  Abbot  Annora.Abbot@yopmail.com  firefighter
123  Stacey  Milde  Stacey.Milde@yopmail.com  police officer
124  Gwyneth  Madelene  Gwyneth.Madelene@yopmail.com  police officer
125  Carly  Pond  Carly.Pond@yopmail.com  developer
126  Addia  Goth  Addia.Goth@yopmail.com  firefighter
127  Kerrin  Means  Kerrin.Means@yopmail.com  doctor
128  Sadie  Maroney  Sadie.Maroney@yopmail.com  developer
129  Trudie  Redmond  Trudie.Redmond@yopmail.com  police officer
130  Jorry  Pettiford  Jorry.Pettiford@yopmail.com  doctor
131  Mureil  Tryck  Mureil.Tryck@yopmail.com  police officer
132  Tani  Stephie  Tani.Stephie@yopmail.com  worker
133  Dorothy  Rebecka  Dorothy.Rebecka@yopmail.com  developer
134  Kathy  Laverne  Kathy.Laverne@yopmail.com  police officer
135  Audrie  Jefferey  Audrie.Jefferey@yopmail.com  firefighter
136  Millie  Trinetta  Millie.Trinetta@yopmail.com  developer
137  Flory  Soneson  Flory.Soneson@yopmail.com  firefighter
138  Kamilah  Kristi  Kamilah.Kristi@yopmail.com  police officer
139  Corina  Deegan  Corina.Deegan@yopmail.com  firefighter
140  Benita  Klotz  Benita.Klotz@yopmail.com  police officer
141  Alejandra  Stanwood  Alejandra.Stanwood@yopmail.com  worker
142  Antonietta  Kiyoshi  Antonietta.Kiyoshi@yopmail.com  worker
143  Minda  Jobi  Minda.Jobi@yopmail.com  doctor
144  Sashenka  Monaco  Sashenka.Monaco@yopmail.com  police officer
145  Adele  Ashely  Adele.Ashely@yopmail.com  developer
146  Dede  Francene  Dede.Francene@yopmail.com  doctor
147  Gilligan  Noman  Gilligan.Noman@yopmail.com  worker
148  Ginnie  Erich  Ginnie.Erich@yopmail.com  worker
149  Suzette  Buttaro  Suzette.Buttaro@yopmail.com  developer
150  Jorry  Naor  Jorry.Naor@yopmail.com  firefighter
151  Clo  Aldric  Clo.Aldric@yopmail.com  police officer
152  Anthia  Brenn  Anthia.Brenn@yopmail.com  police officer
153  Tera  Nickola  Tera.Nickola@yopmail.com  worker
154  Leona  Cristi  Leona.Cristi@yopmail.com  doctor
155  Merrie  Nedrud  Merrie.Nedrud@yopmail.com  doctor
156  Perry  Kirbee  Perry.Kirbee@yopmail.com  firefighter
157  Aaren  Jenness  Aaren.Jenness@yopmail.com  firefighter
158  Helena  Brandice  Helena.Brandice@yopmail.com  firefighter
159  Jere  Chandler  Jere.Chandler@yopmail.com  police officer
160  Nannie  Chabot  Nannie.Chabot@yopmail.com  developer
161  Viki  Khorma  Viki.Khorma@yopmail.com  developer
162  Janey  Hanleigh  Janey.Hanleigh@yopmail.com  worker
163  Sallie  Pelagias  Sallie.Pelagias@yopmail.com  worker
164  Leontine  Afton  Leontine.Afton@yopmail.com  worker
165  Consuela  Sherfield  Consuela.Sherfield@yopmail.com  doctor
166  Clarice  Gaynor  Clarice.Gaynor@yopmail.com  police officer
167  Linzy  Sikorski  Linzy.Sikorski@yopmail.com  developer
168  Dorthy  Land  Dorthy.Land@yopmail.com  firefighter
169  Tamqrah  Pozzy  Tamqrah.Pozzy@yopmail.com  worker
170  Pearline  Winnick  Pearline.Winnick@yopmail.com  doctor
171  Maisey  Corabella  Maisey.Corabella@yopmail.com  worker
172  Constance  Natica  Constance.Natica@yopmail.com  firefighter
173  Chickie  Atcliffe  Chickie.Atcliffe@yopmail.com  developer
174  Nita  Loring  Nita.Loring@yopmail.com  doctor
175  Joeann  Korey  Joeann.Korey@yopmail.com  police officer
176  Max  Phi  Max.Phi@yopmail.com  police officer
177  Corly  Toffic  Corly.Toffic@yopmail.com  worker
178  Damaris  Joni  Damaris.Joni@yopmail.com  police officer
179  Nariko  Terrence  Nariko.Terrence@yopmail.com  police officer
180  Celisse  Fosque  Celisse.Fosque@yopmail.com  doctor
181  Adelle  Brandice  Adelle.Brandice@yopmail.com  developer
182  Kristina  Kaete  Kristina.Kaete@yopmail.com  doctor
183  Doralynne  Chinua  Doralynne.Chinua@yopmail.com  police officer
184  Cordi  Raseda  Cordi.Raseda@yopmail.com  developer
185  Lusa  Halla  Lusa.Halla@yopmail.com  developer
186  Shauna  Drisko  Shauna.Drisko@yopmail.com  developer
187  Karlee  Campball  Karlee.Campball@yopmail.com  police officer
188  Berta  Prouty  Berta.Prouty@yopmail.com  worker
189  Jerry  Zamora  Jerry.Zamora@yopmail.com  developer
190  Doro  Modie  Doro.Modie@yopmail.com  firefighter
191  Leeanne  Ruvolo  Leeanne.Ruvolo@yopmail.com  police officer
192  Merry  Kirbee  Merry.Kirbee@yopmail.com  doctor
193  Brena  Adalbert  Brena.Adalbert@yopmail.com  doctor
194  Rani  Emmy  Rani.Emmy@yopmail.com  doctor
195  Kayla  Lowry  Kayla.Lowry@yopmail.com  developer
196  Brandise  Evvie  Brandise.Evvie@yopmail.com  doctor
197  Leia  Hollingsworth  Leia.Hollingsworth@yopmail.com  doctor
198  Jessy  Forrer  Jessy.Forrer@yopmail.com  firefighter
199  Jaime  Marcellus  Jaime.Marcellus@yopmail.com  firefighter
200  Camile  Glenden  Camile.Glenden@yopmail.com  firefighter
201  Ayn  Nelsen  Ayn.Nelsen@yopmail.com  police officer
202  Blake  Eachern  Blake.Eachern@yopmail.com  worker
203  Vita  Japeth  Vita.Japeth@yopmail.com  developer
204  Almeta  Jacobah  Almeta.Jacobah@yopmail.com  doctor
205  Heida  Henebry  Heida.Henebry@yopmail.com  firefighter
206  Paola  Dudley  Paola.Dudley@yopmail.com  worker
207  Valli  McCutcheon  Valli.McCutcheon@yopmail.com  firefighter
208  Lorie  Goerke  Lorie.Goerke@yopmail.com  firefighter
209  Jolyn  Abernon  Jolyn.Abernon@yopmail.com  worker
210  Tobe  Michella  Tobe.Michella@yopmail.com  firefighter
211  Ilse  Ioab  Ilse.Ioab@yopmail.com  developer
212  Gaylene  Auberbach  Gaylene.Auberbach@yopmail.com  doctor
213  Giustina  Hashim  Giustina.Hashim@yopmail.com  developer
214  Oona  Phi  Oona.Phi@yopmail.com  developer
215  Dacia  Chesna  Dacia.Chesna@yopmail.com  police officer
216  Leontine  Solitta  Leontine.Solitta@yopmail.com  police officer
217  Moyna  Dash  Moyna.Dash@yopmail.com  police officer
218  Kary  Ventre  Kary.Ventre@yopmail.com  developer
219  Layla  Martsen  Layla.Martsen@yopmail.com  developer
220  Lynnea  Belanger  Lynnea.Belanger@yopmail.com  doctor
221  Reeba  Bronk  Reeba.Bronk@yopmail.com  developer
222  Fernande  Olympium  Fernande.Olympium@yopmail.com  doctor
223  Sadie  Douglass  Sadie.Douglass@yopmail.com  doctor
224  Nataline  Cornelia  Nataline.Cornelia@yopmail.com  worker
225  Lucy  Loring  Lucy.Loring@yopmail.com  worker
226  Ana  Heisel  Ana.Heisel@yopmail.com  developer
227  Rosene  Hollingsworth  Rosene.Hollingsworth@yopmail.com  police officer
228  Kylynn  Joni  Kylynn.Joni@yopmail.com  firefighter
229  Dione  Vary  Dione.Vary@yopmail.com  doctor
230  Gaylene  Silvan  Gaylene.Silvan@yopmail.com  firefighter
231  Cristine  Faria  Cristine.Faria@yopmail.com  worker
232  Michaelina  Zetta  Michaelina.Zetta@yopmail.com  firefighter
233  Gerianna  Nea  Gerianna.Nea@yopmail.com  worker
234  Dorice  Lea  Dorice.Lea@yopmail.com  police officer
235  Jsandye  Ferrell  Jsandye.Ferrell@yopmail.com  worker
236  Beatriz  Croix  Beatriz.Croix@yopmail.com  firefighter
237  Ayn  Kirbee  Ayn.Kirbee@yopmail.com  developer
238  Ilse  Danby  Ilse.Danby@yopmail.com  doctor
239  Helena  Raul  Helena.Raul@yopmail.com  firefighter
240  Deedee  O'Neill  Deedee.O'Neill@yopmail.com  doctor
241  Jenda  Hieronymus  Jenda.Hieronymus@yopmail.com  developer
242  Flory  Cullin  Flory.Cullin@yopmail.com  worker
243  Shandie  Idelia  Shandie.Idelia@yopmail.com  worker
244  Marylou  Sadowski  Marylou.Sadowski@yopmail.com  doctor
245  Penelopa  Waite  Penelopa.Waite@yopmail.com  worker
246  Merle  Bonilla  Merle.Bonilla@yopmail.com  developer
247  Nananne  Aloise  Nananne.Aloise@yopmail.com  police officer
248  Kenna  Mehalek  Kenna.Mehalek@yopmail.com  developer
249  Shauna  Doig  Shauna.Doig@yopmail.com  doctor
250  Diena  Chinua  Diena.Chinua@yopmail.com  developer
251  Max  Knowling  Max.Knowling@yopmail.com  police officer
252  Daune  Dreda  Daune.Dreda@yopmail.com  firefighter
253  Frank  Jammal  Frank.Jammal@yopmail.com  doctor
254  Jany  Pierette  Jany.Pierette@yopmail.com  developer
255  Latisha  Lubin  Latisha.Lubin@yopmail.com  firefighter
256  Oralee  Baptlsta  Oralee.Baptlsta@yopmail.com  doctor
257  Daphne  Hachmin  Daphne.Hachmin@yopmail.com  worker
258  Cristabel  Hunfredo  Cristabel.Hunfredo@yopmail.com  worker
259  Dominga  Johnsson  Dominga.Johnsson@yopmail.com  worker
260  Georgina  Sinegold  Georgina.Sinegold@yopmail.com  police officer
261  Taffy  Papageno  Taffy.Papageno@yopmail.com  doctor
262  Ana  Valoniah  Ana.Valoniah@yopmail.com  police officer
263  Deloria  Hoenack  Deloria.Hoenack@yopmail.com  firefighter
264  Minne  Alcott  Minne.Alcott@yopmail.com  police officer
265  Tatiania  Trey  Tatiania.Trey@yopmail.com  police officer
266  Damaris  Janene  Damaris.Janene@yopmail.com  firefighter
267  Kathy  Grobe  Kathy.Grobe@yopmail.com  police officer
268  Priscilla  Guthrie  Priscilla.Guthrie@yopmail.com  doctor
269  Eve  Cordi  Eve.Cordi@yopmail.com  doctor
270  Aaren  Olympium  Aaren.Olympium@yopmail.com  doctor
271  Paulita  Lewes  Paulita.Lewes@yopmail.com  police officer
272  Merry  McNully  Merry.McNully@yopmail.com  developer
273  Isa  Meli  Isa.Meli@yopmail.com  doctor
274  Lisette  Sekofski  Lisette.Sekofski@yopmail.com  police officer
275  Fred  Camden  Fred.Camden@yopmail.com  firefighter
276  Cassandra  Harned  Cassandra.Harned@yopmail.com  firefighter
277  Nicoli  Saint  Nicoli.Saint@yopmail.com  worker
278  Ida  Daveta  Ida.Daveta@yopmail.com  worker
279  Berta  Milde  Berta.Milde@yopmail.com  police officer
280  Raquela  Auberbach  Raquela.Auberbach@yopmail.com  firefighter
281  Jere  Westphal  Jere.Westphal@yopmail.com  developer
282  Shel  Pattin  Shel.Pattin@yopmail.com  worker
283  Glynnis  Nunci  Glynnis.Nunci@yopmail.com  police officer
284  Beverley  Ariella  Beverley.Ariella@yopmail.com  worker
285  Therine  Oscar  Therine.Oscar@yopmail.com  police officer
286  Kerrin  Esmaria  Kerrin.Esmaria@yopmail.com  developer
287  Sara-Ann  Skell  Sara-Ann.Skell@yopmail.com  worker
288  Kaja  Jarib  Kaja.Jarib@yopmail.com  developer
289  Sibella  Talia  Sibella.Talia@yopmail.com  developer
290  Mellicent  Lorain  Mellicent.Lorain@yopmail.com  firefighter
291  Zia  Lewes  Zia.Lewes@yopmail.com  developer
292  Berget  Florina  Berget.Florina@yopmail.com  police officer
293  Dede  Sophronia  Dede.Sophronia@yopmail.com  developer
294  Beth  Fosque  Beth.Fosque@yopmail.com  developer
295  Nerta  Freddi  Nerta.Freddi@yopmail.com  police officer
296  Evita  Cadmar  Evita.Cadmar@yopmail.com  doctor
297  Tilly  Rurik  Tilly.Rurik@yopmail.com  police officer
298  Lelah  Rogerio  Lelah.Rogerio@yopmail.com  doctor
299  Steffane  Bow  Steffane.Bow@yopmail.com  firefighter
300  Kimmy  Winthorpe  Kimmy.Winthorpe@yopmail.com  firefighter
301  Cassondra  Cloris  Cassondra.Cloris@yopmail.com  police officer
302  Gretal  Roarke  Gretal.Roarke@yopmail.com  doctor
303  Jessy  Jess  Jessy.Jess@yopmail.com  police officer
304  Maud  Thad  Maud.Thad@yopmail.com  worker
305  Alyda  Edvard  Alyda.Edvard@yopmail.com  firefighter
306  Jobi  Marijo  Jobi.Marijo@yopmail.com  doctor
307  Glynnis  Lutero  Glynnis.Lutero@yopmail.com  firefighter
308  Cassandra  Toffic  Cassandra.Toffic@yopmail.com  firefighter
309  Regina  Edee  Regina.Edee@yopmail.com  firefighter
310  Violet  Juliet  Violet.Juliet@yopmail.com  police officer
311  Hayley  Tacye  Hayley.Tacye@yopmail.com  developer
312  Agnese  Egbert  Agnese.Egbert@yopmail.com  doctor
313  Benita  Grobe  Benita.Grobe@yopmail.com  doctor
314  Sheree  Mallon  Sheree.Mallon@yopmail.com  developer
315  Elfreda  Christine  Elfreda.Christine@yopmail.com  worker
316  Johna  Bevin  Johna.Bevin@yopmail.com  police officer
317  Beth  McCutcheon  Beth.McCutcheon@yopmail.com  police officer
318  Lindie  McCutcheon  Lindie.McCutcheon@yopmail.com  firefighter
319  Catharine  Romelda  Catharine.Romelda@yopmail.com  doctor
320  Vere  Hunfredo  Vere.Hunfredo@yopmail.com  worker
321  Glenda  Libna  Glenda.Libna@yopmail.com  doctor
322  Ada  Dahlia  Ada.Dahlia@yopmail.com  police officer
323  Berta  Zuzana  Berta.Zuzana@yopmail.com  developer
324  Lyssa  Vanni  Lyssa.Vanni@yopmail.com  firefighter
325  Celene  Aloise  Celene.Aloise@yopmail.com  developer
326  Cathie  Cimbura  Cathie.Cimbura@yopmail.com  doctor
327  Chandra  Ruvolo  Chandra.Ruvolo@yopmail.com  police officer
328  Morganica  Obed  Morganica.Obed@yopmail.com  doctor
329  Ellette  Wenoa  Ellette.Wenoa@yopmail.com  doctor
330  Siana  Sikorski  Siana.Sikorski@yopmail.com  worker
331  Bertine  Michella  Bertine.Michella@yopmail.com  firefighter
332  Lenna  Pettiford  Lenna.Pettiford@yopmail.com  developer
333  Mireielle  Weinreb  Mireielle.Weinreb@yopmail.com  doctor
334  Barbi  Valoniah  Barbi.Valoniah@yopmail.com  police officer
335  Adele  Anton  Adele.Anton@yopmail.com  developer
336  Nickie  Christal  Nickie.Christal@yopmail.com  worker
337  Cyndie  Anyah  Cyndie.Anyah@yopmail.com  developer
338  Carmencita  Olnee  Carmencita.Olnee@yopmail.com  doctor
339  Fred  Krystle  Fred.Krystle@yopmail.com  police officer
340  Moyna  Simmonds  Moyna.Simmonds@yopmail.com  doctor
341  Hildegaard  Salchunas  Hildegaard.Salchunas@yopmail.com  police officer
342  Jeanna  Pyle  Jeanna.Pyle@yopmail.com  worker
343  Carolina  Zina  Carolina.Zina@yopmail.com  worker
344  Caryl  Levey  Caryl.Levey@yopmail.com  worker
345  Theodora  Bearnard  Theodora.Bearnard@yopmail.com  worker
346  Teriann  Tybald  Teriann.Tybald@yopmail.com  developer
347  Jinny  Liebermann  Jinny.Liebermann@yopmail.com  firefighter
348  Shel  Concha  Shel.Concha@yopmail.com  worker
349  Marguerite  Cynar  Marguerite.Cynar@yopmail.com  police officer
350  Marika  Hoban  Marika.Hoban@yopmail.com  worker
351  Linzy  Carlson  Linzy.Carlson@yopmail.com  worker
352  Peri  Ellerey  Peri.Ellerey@yopmail.com  worker
353  Ermengarde  Ardra  Ermengarde.Ardra@yopmail.com  developer
354  Fina  Ursulette  Fina.Ursulette@yopmail.com  doctor
355  Henriette  Bonucci  Henriette.Bonucci@yopmail.com  firefighter
356  Kristina  Nance  Kristina.Nance@yopmail.com  firefighter
357  Ezmeralda  Saint  Ezmeralda.Saint@yopmail.com  police officer
358  Veda  Lilas  Veda.Lilas@yopmail.com  police officer
359  Dania  Scammon  Dania.Scammon@yopmail.com  doctor
360  Kirbee  Leler  Kirbee.Leler@yopmail.com  doctor
361  Sallie  Chesna  Sallie.Chesna@yopmail.com  doctor
362  Bernie  Jethro  Bernie.Jethro@yopmail.com  police officer
363  Elfreda  Thornburg  Elfreda.Thornburg@yopmail.com  worker
364  Brena  Wadell  Brena.Wadell@yopmail.com  police officer
365  Odessa  Rolf  Odessa.Rolf@yopmail.com  worker
366  Barbara  Israeli  Barbara.Israeli@yopmail.com  developer
367  Melisent  Howlyn  Melisent.Howlyn@yopmail.com  police officer
368  Jere  Gale  Jere.Gale@yopmail.com  police officer
369  Kimmy  Noelyn  Kimmy.Noelyn@yopmail.com  worker
370  Mignon  Angelis  Mignon.Angelis@yopmail.com  worker
371  Caritta  Phyllis  Caritta.Phyllis@yopmail.com  developer
372  Teddie  Estella  Teddie.Estella@yopmail.com  doctor
373  Lorne  Shelba  Lorne.Shelba@yopmail.com  doctor
374  Georgina  My  Georgina.My@yopmail.com  firefighter
375  Roxane  Durante  Roxane.Durante@yopmail.com  worker
376  Cindelyn  Michella  Cindelyn.Michella@yopmail.com  firefighter
377  Celene  Warthman  Celene.Warthman@yopmail.com  firefighter
378  Kary  Weide  Kary.Weide@yopmail.com  firefighter
379  Tamqrah  Tiffa  Tamqrah.Tiffa@yopmail.com  developer
380  Paulita  Teryn  Paulita.Teryn@yopmail.com  developer
381  Amalie  Gusella  Amalie.Gusella@yopmail.com  developer
382  Aryn  Constancy  Aryn.Constancy@yopmail.com  developer
383  Valeda  Harl  Valeda.Harl@yopmail.com  developer
384  Sallie  Melony  Sallie.Melony@yopmail.com  police officer
385  Eugine  Ricki  Eugine.Ricki@yopmail.com  developer
386  Lily  Pernick  Lily.Pernick@yopmail.com  worker
387  Rivalee  Atcliffe  Rivalee.Atcliffe@yopmail.com  worker
388  Sybille  Madox  Sybille.Madox@yopmail.com  firefighter
389  Dorene  Evvie  Dorene.Evvie@yopmail.com  worker
390  Letizia  Cadmar  Letizia.Cadmar@yopmail.com  worker
391  Jaclyn  Colleen  Jaclyn.Colleen@yopmail.com  worker
392  Charlena  Billye  Charlena.Billye@yopmail.com  firefighter
393  Helena  Delp  Helena.Delp@yopmail.com  doctor
394  Merci  Lilybelle  Merci.Lilybelle@yopmail.com  police officer
395  Kathy  Salvidor  Kathy.Salvidor@yopmail.com  developer
396  Di  Huggins  Di.Huggins@yopmail.com  worker
397  Coral  Lemuela  Coral.Lemuela@yopmail.com  police officer
398  Nerta  Boycey  Nerta.Boycey@yopmail.com  doctor
399  Christian  Viddah  Christian.Viddah@yopmail.com  firefighter
400  Mary  Dorothy  Mary.Dorothy@yopmail.com  developer
401  Glenda  Martguerita  Glenda.Martguerita@yopmail.com  police officer
402  Tracey  Carey  Tracey.Carey@yopmail.com  doctor
403  Mariann  Romelda  Mariann.Romelda@yopmail.com  developer
404  Brandise  Krystle  Brandise.Krystle@yopmail.com  worker
405  Dominga  Astra  Dominga.Astra@yopmail.com  firefighter
406  Katuscha  Schenck  Katuscha.Schenck@yopmail.com  police officer
407  Robbi  Amadas  Robbi.Amadas@yopmail.com  police officer
408  Bernie  Yuille  Bernie.Yuille@yopmail.com  police officer
409  Danika  McAdams  Danika.McAdams@yopmail.com  police officer
410  Fred  LaRue  Fred.LaRue@yopmail.com  doctor
411  Fredericka  Melan  Fredericka.Melan@yopmail.com  developer
412  Sindee  Wandie  Sindee.Wandie@yopmail.com  developer
413  Elena  Alarise  Elena.Alarise@yopmail.com  firefighter
414  Violet  Tound  Violet.Tound@yopmail.com  doctor
415  Charmaine  Sheng  Charmaine.Sheng@yopmail.com  firefighter
416  Karina  Alrich  Karina.Alrich@yopmail.com  developer
417  Ardys  Jillane  Ardys.Jillane@yopmail.com  doctor
418  Sam  Pitt  Sam.Pitt@yopmail.com  developer
419  Ardeen  Gherardo  Ardeen.Gherardo@yopmail.com  developer
420  Bill  Wu  Bill.Wu@yopmail.com  police officer
421  Gilda  Zetta  Gilda.Zetta@yopmail.com  developer
422  Florie  Lilas  Florie.Lilas@yopmail.com  worker
423  Stephanie  Lytton  Stephanie.Lytton@yopmail.com  firefighter
424  Teriann  Arley  Teriann.Arley@yopmail.com  worker
425  Hannis  Mathilde  Hannis.Mathilde@yopmail.com  police officer
426  Merle  Caitlin  Merle.Caitlin@yopmail.com  doctor
427  Devina  Larochelle  Devina.Larochelle@yopmail.com  worker
428  Molli  Kat  Molli.Kat@yopmail.com  police officer
429  Roseline  Donoghue  Roseline.Donoghue@yopmail.com  firefighter
430  Yolane  Kussell  Yolane.Kussell@yopmail.com  doctor
431  Kaia  Vins  Kaia.Vins@yopmail.com  police officer
432  Ursulina  Khorma  Ursulina.Khorma@yopmail.com  worker
433  Britni  Buttaro  Britni.Buttaro@yopmail.com  developer
434  Genevra  Dahlia  Genevra.Dahlia@yopmail.com  developer
435  Sidoney  Anselmi  Sidoney.Anselmi@yopmail.com  developer
436  Nollie  Ilka  Nollie.Ilka@yopmail.com  worker
437  Cathyleen  Olnee  Cathyleen.Olnee@yopmail.com  police officer
438  Gloria  Christine  Gloria.Christine@yopmail.com  police officer
439  Allyce  Penelopa  Allyce.Penelopa@yopmail.com  firefighter
440  Malina  Shirberg  Malina.Shirberg@yopmail.com  firefighter
441  Aimil  Leifeste  Aimil.Leifeste@yopmail.com  doctor
442  Maisey  Simmonds  Maisey.Simmonds@yopmail.com  worker
443  Ketti  Cornelia  Ketti.Cornelia@yopmail.com  developer
444  Flory  Grayce  Flory.Grayce@yopmail.com  firefighter
445  Briney  Phaidra  Briney.Phaidra@yopmail.com  doctor
446  Rosanne  Edvard  Rosanne.Edvard@yopmail.com  firefighter
447  Katharina  Diogenes  Katharina.Diogenes@yopmail.com  developer
448  Jenilee  Peg  Jenilee.Peg@yopmail.com  worker
449  Demetris  Abram  Demetris.Abram@yopmail.com  developer
450  Tilly  Swanhildas  Tilly.Swanhildas@yopmail.com  doctor
451  Paule  Land  Paule.Land@yopmail.com  police officer
452  Angelique  Clywd  Angelique.Clywd@yopmail.com  doctor
453  Doro  Adrienne  Doro.Adrienne@yopmail.com  firefighter
454  Roberta  Arquit  Roberta.Arquit@yopmail.com  doctor
455  Juliane  Anastatius  Juliane.Anastatius@yopmail.com  firefighter
456  Barbara  Bonilla  Barbara.Bonilla@yopmail.com  worker
457  Felice  Klotz  Felice.Klotz@yopmail.com  doctor
458  Esmeralda  Evvie  Esmeralda.Evvie@yopmail.com  firefighter
459  Carree  Ilka  Carree.Ilka@yopmail.com  police officer
460  Abbie  Gerge  Abbie.Gerge@yopmail.com  developer
461  Valli  Raffo  Valli.Raffo@yopmail.com  worker
462  Dyann  Shields  Dyann.Shields@yopmail.com  firefighter
463  Harrietta  Kendrick  Harrietta.Kendrick@yopmail.com  doctor
464  Tersina  Bow  Tersina.Bow@yopmail.com  police officer
465  Ruthe  Lissi  Ruthe.Lissi@yopmail.com  doctor
466  Rosanne  Aloise  Rosanne.Aloise@yopmail.com  worker
467  Cathyleen  Myrilla  Cathyleen.Myrilla@yopmail.com  police officer
468  Genovera  Dulciana  Genovera.Dulciana@yopmail.com  firefighter
469  Cassandra  Duwalt  Cassandra.Duwalt@yopmail.com  doctor
470  Christal  Cherianne  Christal.Cherianne@yopmail.com  doctor
471  Maurene  Brittani  Maurene.Brittani@yopmail.com  worker
472  Micheline  Andrel  Micheline.Andrel@yopmail.com  developer
473  Shell  Vharat  Shell.Vharat@yopmail.com  developer
474  Emelina  Stover  Emelina.Stover@yopmail.com  police officer
475  Corina  Couture  Corina.Couture@yopmail.com  firefighter
476  Genevra  Goerke  Genevra.Goerke@yopmail.com  developer
477  Christal  Earlie  Christal.Earlie@yopmail.com  firefighter
478  Jere  Jerold  Jere.Jerold@yopmail.com  developer
479  Florie  Sammons  Florie.Sammons@yopmail.com  doctor
480  Juliane  Rocray  Juliane.Rocray@yopmail.com  developer
481  Fredericka  Israeli  Fredericka.Israeli@yopmail.com  firefighter
482  Kristina  Margarete  Kristina.Margarete@yopmail.com  doctor
483  Nelle  Ludewig  Nelle.Ludewig@yopmail.com  developer
484  Susan  Stav  Susan.Stav@yopmail.com  police officer
485  Maye  Gombach  Maye.Gombach@yopmail.com  worker
486  Zaria  Ailyn  Zaria.Ailyn@yopmail.com  firefighter
487  Lucy  Peti  Lucy.Peti@yopmail.com  firefighter
488  Liana  Arley  Liana.Arley@yopmail.com  doctor
489  Lily  Teryn  Lily.Teryn@yopmail.com  worker
490  Cherrita  Tayib  Cherrita.Tayib@yopmail.com  firefighter
491  Lexine  Cristi  Lexine.Cristi@yopmail.com  police officer
492  Wilma  Jagir  Wilma.Jagir@yopmail.com  worker
493  Mariann  Sabella  Mariann.Sabella@yopmail.com  firefighter
494  Dorthy  Clarissa  Dorthy.Clarissa@yopmail.com  worker
495  Tilly  Shanley  Tilly.Shanley@yopmail.com  developer
496  Andree  Publia  Andree.Publia@yopmail.com  developer
497  Sabina  Loring  Sabina.Loring@yopmail.com  worker
498  Patricia  Billye  Patricia.Billye@yopmail.com  developer
499  Bernie  Liva  Bernie.Liva@yopmail.com  doctor
500  Deloria  Faust  Deloria.Faust@yopmail.com  doctor
501  Madalyn  Fillbert  Madalyn.Fillbert@yopmail.com  developer
502  Caryl  Baylor  Caryl.Baylor@yopmail.com  firefighter
503  Violet  Wind  Violet.Wind@yopmail.com  worker
504  Bill  Masao  Bill.Masao@yopmail.com  doctor
505  Sybille  Graig  Sybille.Graig@yopmail.com  worker
506  Gilda  Glovsky  Gilda.Glovsky@yopmail.com  police officer
507  Briney  Boycey  Briney.Boycey@yopmail.com  doctor
508  Brana  Kalinda  Brana.Kalinda@yopmail.com  worker
509  Aurelie  Dalli  Aurelie.Dalli@yopmail.com  doctor
510  Ayn  Jefferey  Ayn.Jefferey@yopmail.com  firefighter
511  Wilma  Berl  Wilma.Berl@yopmail.com  firefighter
512  Antonietta  Myrilla  Antonietta.Myrilla@yopmail.com  police officer
513  Sashenka  Mitzi  Sashenka.Mitzi@yopmail.com  police officer
514  Alyssa  Charmine  Alyssa.Charmine@yopmail.com  doctor
515  Zia  Aldric  Zia.Aldric@yopmail.com  developer
516  Lila  Rooney  Lila.Rooney@yopmail.com  firefighter
517  Dale  Palocz  Dale.Palocz@yopmail.com  doctor
518  Imojean  Avi  Imojean.Avi@yopmail.com  developer
519  Kaia  Selway  Kaia.Selway@yopmail.com  worker
520  Jessamyn  Merna  Jessamyn.Merna@yopmail.com  worker
521  Tressa  Lucienne  Tressa.Lucienne@yopmail.com  worker
522  Nickie  Goode  Nickie.Goode@yopmail.com  police officer
523  Gavrielle  Maurine  Gavrielle.Maurine@yopmail.com  developer
524  Almeta  Breed  Almeta.Breed@yopmail.com  police officer
525  Evaleen  Alexandr  Evaleen.Alexandr@yopmail.com  police officer
526  Emilia  Lia  Emilia.Lia@yopmail.com  worker
527  Madalyn  Carvey  Madalyn.Carvey@yopmail.com  developer
528  Carly  Ahab  Carly.Ahab@yopmail.com  doctor
529  Kaia  Merna  Kaia.Merna@yopmail.com  worker
530  Bernardine  Hortensia  Bernardine.Hortensia@yopmail.com  developer
531  Lauryn  Raama  Lauryn.Raama@yopmail.com  police officer
532  Emmey  Ummersen  Emmey.Ummersen@yopmail.com  doctor
533  Dotty  Hertzfeld  Dotty.Hertzfeld@yopmail.com  firefighter
534  Sindee  Edmund  Sindee.Edmund@yopmail.com  doctor
535  Merrie  Nerita  Merrie.Nerita@yopmail.com  firefighter
536  Kirbee  Libna  Kirbee.Libna@yopmail.com  firefighter
537  Jessamyn  Pillsbury  Jessamyn.Pillsbury@yopmail.com  firefighter
538  Corene  Lubin  Corene.Lubin@yopmail.com  firefighter
539  Deirdre  Ahab  Deirdre.Ahab@yopmail.com  police officer
540  Charlena  Eben  Charlena.Eben@yopmail.com  developer
541  Jobi  Hieronymus  Jobi.Hieronymus@yopmail.com  firefighter
542  Agathe  Manolo  Agathe.Manolo@yopmail.com  worker
543  Clary  Reinke  Clary.Reinke@yopmail.com  doctor
544  Dorice  Nisbet  Dorice.Nisbet@yopmail.com  police officer
545  Anica  Hartnett  Anica.Hartnett@yopmail.com  developer
546  Aubrie  Voletta  Aubrie.Voletta@yopmail.com  developer
547  Raf  Ricarda  Raf.Ricarda@yopmail.com  worker
548  Mureil  Lumbard  Mureil.Lumbard@yopmail.com  developer
549  Charmaine  Devlen  Charmaine.Devlen@yopmail.com  doctor
550  Glynnis  Kannry  Glynnis.Kannry@yopmail.com  police officer
551  Daphne  Bertold  Daphne.Bertold@yopmail.com  developer
552  Candi  Erminia  Candi.Erminia@yopmail.com  police officer
553  Vita  Waite  Vita.Waite@yopmail.com  worker
554  Annaliese  Byrne  Annaliese.Byrne@yopmail.com  firefighter
555  Arlena  Macey  Arlena.Macey@yopmail.com  police officer
556  Tina  Talia  Tina.Talia@yopmail.com  worker
557  Shell  Charmine  Shell.Charmine@yopmail.com  doctor
558  Charissa  Pacorro  Charissa.Pacorro@yopmail.com  firefighter
559  Lorne  Meli  Lorne.Meli@yopmail.com  police officer
560  Starla  Hessler  Starla.Hessler@yopmail.com  developer
561  Hettie  Milson  Hettie.Milson@yopmail.com  firefighter
562  Priscilla  Margarete  Priscilla.Margarete@yopmail.com  police officer
563  Leia  Hanleigh  Leia.Hanleigh@yopmail.com  firefighter
564  Emelina  Quent  Emelina.Quent@yopmail.com  firefighter
565  Christy  Izaak  Christy.Izaak@yopmail.com  developer
566  Ethel  Martsen  Ethel.Martsen@yopmail.com  doctor
567  Kaja  Orlene  Kaja.Orlene@yopmail.com  firefighter
568  Dorice  Helfand  Dorice.Helfand@yopmail.com  developer
569  Nananne  Eliathas  Nananne.Eliathas@yopmail.com  police officer
570  Blake  Wadell  Blake.Wadell@yopmail.com  police officer
571  Louella  Anestassia  Louella.Anestassia@yopmail.com  developer
572  Tonia  Concha  Tonia.Concha@yopmail.com  developer
573  Leona  Audly  Leona.Audly@yopmail.com  doctor
574  Eadie  Maisey  Eadie.Maisey@yopmail.com  doctor
575  Angela  Ardra  Angela.Ardra@yopmail.com  firefighter
576  Karly  Bach  Karly.Bach@yopmail.com  police officer
577  Gusty  Ardeha  Gusty.Ardeha@yopmail.com  doctor
578  Althea  Raseda  Althea.Raseda@yopmail.com  police officer
579  Concettina  Reneta  Concettina.Reneta@yopmail.com  worker
580  Sashenka  Clie  Sashenka.Clie@yopmail.com  developer
581  Taffy  Jary  Taffy.Jary@yopmail.com  developer
582  Vita  Pattin  Vita.Pattin@yopmail.com  developer
583  Loree  Faro  Loree.Faro@yopmail.com  police officer
584  Robinia  Mandler  Robinia.Mandler@yopmail.com  worker
585  Ericka  Adlare  Ericka.Adlare@yopmail.com  worker
586  Kathy  Larochelle  Kathy.Larochelle@yopmail.com  developer
587  Marcy  Brunell  Marcy.Brunell@yopmail.com  police officer
588  Collen  Vacuva  Collen.Vacuva@yopmail.com  firefighter
589  Roslyn  Bahr  Roslyn.Bahr@yopmail.com  firefighter
590  Ursulina  Randene  Ursulina.Randene@yopmail.com  worker
591  Shannah  Cimbura  Shannah.Cimbura@yopmail.com  worker
592  Alex  Sawtelle  Alex.Sawtelle@yopmail.com  police officer
593  Aaren  Boycey  Aaren.Boycey@yopmail.com  worker
594  Aurelie  Berriman  Aurelie.Berriman@yopmail.com  developer
595  Jolyn  Greyson  Jolyn.Greyson@yopmail.com  firefighter
596  Marti  Cleo  Marti.Cleo@yopmail.com  doctor
597  Jean  Mayeda  Jean.Mayeda@yopmail.com  developer
598  Darlleen  Tamsky  Darlleen.Tamsky@yopmail.com  police officer
599  Heddie  Keily  Heddie.Keily@yopmail.com  police officer
600  Daphne  Colleen  Daphne.Colleen@yopmail.com  developer
601  Korrie  Means  Korrie.Means@yopmail.com  worker
602  Ilse  Ailyn  Ilse.Ailyn@yopmail.com  firefighter
603  Roberta  Johanna  Roberta.Johanna@yopmail.com  worker
604  Nadine  Bluh  Nadine.Bluh@yopmail.com  firefighter
605  Ottilie  Allys  Ottilie.Allys@yopmail.com  worker
606  Gwenneth  Justinn  Gwenneth.Justinn@yopmail.com  police officer
607  Dede  Tengdin  Dede.Tengdin@yopmail.com  firefighter
608  Livvyy  Garlinda  Livvyy.Garlinda@yopmail.com  doctor
609  Gloria  Bluh  Gloria.Bluh@yopmail.com  worker
610  Elie  Lacombe  Elie.Lacombe@yopmail.com  police officer
611  Eadie  Camden  Eadie.Camden@yopmail.com  developer
612  Abbie  Barney  Abbie.Barney@yopmail.com  firefighter
613  Vita  Doig  Vita.Doig@yopmail.com  police officer
614  Flory  Raama  Flory.Raama@yopmail.com  worker
615  Dale  Isidore  Dale.Isidore@yopmail.com  developer
616  Sidoney  Gladstone  Sidoney.Gladstone@yopmail.com  developer
617  Marcy  Emanuel  Marcy.Emanuel@yopmail.com  firefighter
618  Suzette  Shirberg  Suzette.Shirberg@yopmail.com  doctor
619  Ginnie  Tatianas  Ginnie.Tatianas@yopmail.com  doctor
620  Barbara  Berne  Barbara.Berne@yopmail.com  worker
621  Ashlee  Zuzana  Ashlee.Zuzana@yopmail.com  police officer
622  Susette  Ulphia  Susette.Ulphia@yopmail.com  firefighter
623  Valera  Oriana  Valera.Oriana@yopmail.com  firefighter
624  Coral  Hartnett  Coral.Hartnett@yopmail.com  worker
625  Romona  Silvan  Romona.Silvan@yopmail.com  police officer
626  Jessamyn  Wyn  Jessamyn.Wyn@yopmail.com  developer
627  Deloria  Rese  Deloria.Rese@yopmail.com  developer
628  Lelah  Heisel  Lelah.Heisel@yopmail.com  police officer
629  Meghann  Agle  Meghann.Agle@yopmail.com  doctor
630  Hermione  Dreda  Hermione.Dreda@yopmail.com  doctor
631  Hettie  Bethany  Hettie.Bethany@yopmail.com  worker
632  Fidelia  Lipson  Fidelia.Lipson@yopmail.com  police officer
633  Elsie  Urias  Elsie.Urias@yopmail.com  developer
634  Rivalee  Joni  Rivalee.Joni@yopmail.com  firefighter
635  Jinny  Raseda  Jinny.Raseda@yopmail.com  developer
636  Codie  Tarrant  Codie.Tarrant@yopmail.com  firefighter
637  Sheree  Soneson  Sheree.Soneson@yopmail.com  developer
638  Zondra  Lory  Zondra.Lory@yopmail.com  police officer
639  Robinia  Kenwood  Robinia.Kenwood@yopmail.com  worker
640  Helena  Maiah  Helena.Maiah@yopmail.com  doctor
641  Stacey  Telfer  Stacey.Telfer@yopmail.com  developer
642  Georgina  Vacuva  Georgina.Vacuva@yopmail.com  developer
643  Netty  Graig  Netty.Graig@yopmail.com  developer
644  Katharina  Rona  Katharina.Rona@yopmail.com  firefighter
645  Adele  Lalitta  Adele.Lalitta@yopmail.com  police officer
646  Rosabelle  Chinua  Rosabelle.Chinua@yopmail.com  police officer
647  Fred  Delila  Fred.Delila@yopmail.com  doctor
648  Verla  Blisse  Verla.Blisse@yopmail.com  doctor
649  Cassandra  Corilla  Cassandra.Corilla@yopmail.com  worker
650  Lanna  Brieta  Lanna.Brieta@yopmail.com  police officer
651  Ardys  Eckblad  Ardys.Eckblad@yopmail.com  police officer
652  Ketti  Sammons  Ketti.Sammons@yopmail.com  firefighter
653  Amalie  Paine  Amalie.Paine@yopmail.com  police officer
654  Elyssa  Torray  Elyssa.Torray@yopmail.com  developer
655  Kathy  Helve  Kathy.Helve@yopmail.com  worker
656  Pierette  Latini  Pierette.Latini@yopmail.com  police officer
657  Dulce  Read  Dulce.Read@yopmail.com  worker
658  Melanie  Caitlin  Melanie.Caitlin@yopmail.com  doctor
659  Marita  Brady  Marita.Brady@yopmail.com  firefighter
660  Sadie  Schlosser  Sadie.Schlosser@yopmail.com  worker
661  Caritta  Wolfgram  Caritta.Wolfgram@yopmail.com  police officer
662  Violet  Etom  Violet.Etom@yopmail.com  police officer
663  Rani  Hieronymus  Rani.Hieronymus@yopmail.com  worker
664  Shandie  Kunin  Shandie.Kunin@yopmail.com  doctor
665  Feliza  Hourigan  Feliza.Hourigan@yopmail.com  doctor
666  Fredericka  Clara  Fredericka.Clara@yopmail.com  firefighter
667  Cristine  Ciapas  Cristine.Ciapas@yopmail.com  police officer
668  Danny  Karna  Danny.Karna@yopmail.com  worker
669  Deane  Sikorski  Deane.Sikorski@yopmail.com  worker
670  Roz  Ralfston  Roz.Ralfston@yopmail.com  firefighter
671  Ilse  Dimitris  Ilse.Dimitris@yopmail.com  firefighter
672  Allyce  Allys  Allyce.Allys@yopmail.com  police officer
673  Mahalia  Goerke  Mahalia.Goerke@yopmail.com  developer
674  Dale  Radu  Dale.Radu@yopmail.com  developer
675  Zaria  Stover  Zaria.Stover@yopmail.com  police officer
676  Carilyn  Levey  Carilyn.Levey@yopmail.com  police officer
677  Chastity  Pandolfi  Chastity.Pandolfi@yopmail.com  doctor
678  Kristina  Ricki  Kristina.Ricki@yopmail.com  worker
679  Molli  Simmonds  Molli.Simmonds@yopmail.com  developer
680  Selma  Persse  Selma.Persse@yopmail.com  police officer
681  Mariele  Amand  Mariele.Amand@yopmail.com  firefighter
682  Mignon  Ehrman  Mignon.Ehrman@yopmail.com  doctor
683  Ilse  Gabrielli  Ilse.Gabrielli@yopmail.com  worker
684  Corly  Rogerio  Corly.Rogerio@yopmail.com  developer
685  Andeee  Sothena  Andeee.Sothena@yopmail.com  firefighter
686  Demetris  Loleta  Demetris.Loleta@yopmail.com  worker
687  Cassandra  Arne  Cassandra.Arne@yopmail.com  police officer
688  Suzette  Philipp  Suzette.Philipp@yopmail.com  firefighter
689  Melisent  Abram  Melisent.Abram@yopmail.com  doctor
690  Jerry  Percy  Jerry.Percy@yopmail.com  developer
691  Sybille  Koziara  Sybille.Koziara@yopmail.com  police officer
692  Nikki  Elisha  Nikki.Elisha@yopmail.com  doctor
693  Devina  Tatianas  Devina.Tatianas@yopmail.com  police officer
694  Valeda  Burch  Valeda.Burch@yopmail.com  developer
695  Nikki  Madaih  Nikki.Madaih@yopmail.com  doctor
696  Christian  Viddah  Christian.Viddah@yopmail.com  developer
697  Johna  Presber  Johna.Presber@yopmail.com  developer
698  Joane  Ruvolo  Joane.Ruvolo@yopmail.com  police officer
699  Karolina  Eliathas  Karolina.Eliathas@yopmail.com  firefighter
700  Dennie  Helve  Dennie.Helve@yopmail.com  police officer
701  Tobe  Sherrie  Tobe.Sherrie@yopmail.com  worker
702  Heddie  Bollay  Heddie.Bollay@yopmail.com  developer
703  Emelina  Nahum  Emelina.Nahum@yopmail.com  doctor
704  Ann-Marie  Lacombe  Ann-Marie.Lacombe@yopmail.com  doctor
705  Frieda  Stefa  Frieda.Stefa@yopmail.com  firefighter
706  Jasmina  Wadell  Jasmina.Wadell@yopmail.com  police officer
707  Kathi  Wind  Kathi.Wind@yopmail.com  developer
708  Orelia  Santoro  Orelia.Santoro@yopmail.com  doctor
709  Hermione  Nedrud  Hermione.Nedrud@yopmail.com  police officer
710  Orsola  Bashemeth  Orsola.Bashemeth@yopmail.com  firefighter
711  Bill  Bertold  Bill.Bertold@yopmail.com  developer
712  Genovera  Zitvaa  Genovera.Zitvaa@yopmail.com  police officer
713  Lanna  Flyn  Lanna.Flyn@yopmail.com  police officer
714  Karly  Felizio  Karly.Felizio@yopmail.com  worker
715  Steffane  Lea  Steffane.Lea@yopmail.com  doctor
716  Dulce  Klemperer  Dulce.Klemperer@yopmail.com  worker
717  Tatiania  Francene  Tatiania.Francene@yopmail.com  worker
718  Myriam  Pacorro  Myriam.Pacorro@yopmail.com  police officer
719  Farrah  Damarra  Farrah.Damarra@yopmail.com  police officer
720  Valli  Brotherson  Valli.Brotherson@yopmail.com  firefighter
721  Aurore  Markman  Aurore.Markman@yopmail.com  developer
722  Dorothy  Zina  Dorothy.Zina@yopmail.com  firefighter
723  Cristabel  Lilas  Cristabel.Lilas@yopmail.com  doctor
724  Ezmeralda  Halla  Ezmeralda.Halla@yopmail.com  worker
725  Morganica  Connelly  Morganica.Connelly@yopmail.com  firefighter
726  Esmeralda  Vittoria  Esmeralda.Vittoria@yopmail.com  police officer
727  Barbi  Ruvolo  Barbi.Ruvolo@yopmail.com  police officer
728  Claresta  Kenney  Claresta.Kenney@yopmail.com  police officer
729  Valli  Gamaliel  Valli.Gamaliel@yopmail.com  doctor
730  Kerrin  Ephrem  Kerrin.Ephrem@yopmail.com  firefighter
731  Kassey  Vorster  Kassey.Vorster@yopmail.com  doctor
732  Dorothy  Toffic  Dorothy.Toffic@yopmail.com  developer
733  Nonnah  Weinreb  Nonnah.Weinreb@yopmail.com  doctor
734  Tami  Vale  Tami.Vale@yopmail.com  developer
735  Binny  Harned  Binny.Harned@yopmail.com  firefighter
736  Bibby  Stevy  Bibby.Stevy@yopmail.com  worker
737  Sibella  Stoller  Sibella.Stoller@yopmail.com  doctor
738  Ida  Llovera  Ida.Llovera@yopmail.com  worker
739  Barbi  McCutcheon  Barbi.McCutcheon@yopmail.com  developer
740  Xylina  Wu  Xylina.Wu@yopmail.com  firefighter
741  Celisse  Autrey  Celisse.Autrey@yopmail.com  developer
742  Talya  Andrel  Talya.Andrel@yopmail.com  police officer
743  Romona  Gibbeon  Romona.Gibbeon@yopmail.com  developer
744  Aimil  Grobe  Aimil.Grobe@yopmail.com  developer
745  Mamie  Ahab  Mamie.Ahab@yopmail.com  doctor
746  Starla  Maples  Starla.Maples@yopmail.com  firefighter
747  Sharai  Wilkinson  Sharai.Wilkinson@yopmail.com  firefighter
748  Drucie  Kussell  Drucie.Kussell@yopmail.com  developer
749  Kayla  Dyche  Kayla.Dyche@yopmail.com  firefighter
750  Louella  Brunell  Louella.Brunell@yopmail.com  worker
751  Gilligan  Isidore  Gilligan.Isidore@yopmail.com  police officer
752  Deane  Nelsen  Deane.Nelsen@yopmail.com  police officer
753  Sybille  Norrie  Sybille.Norrie@yopmail.com  doctor
754  Johna  Garek  Johna.Garek@yopmail.com  worker
755  Raf  Erskine  Raf.Erskine@yopmail.com  police officer
756  Ivett  Raimondo  Ivett.Raimondo@yopmail.com  developer
757  Margarette  Schroth  Margarette.Schroth@yopmail.com  developer
758  Kirstin  Pernick  Kirstin.Pernick@yopmail.com  doctor
759  Kimberley  Cath  Kimberley.Cath@yopmail.com  developer
760  Misha  Hoenack  Misha.Hoenack@yopmail.com  worker
761  Meriel  Sacken  Meriel.Sacken@yopmail.com  worker
762  Lexine  Honoria  Lexine.Honoria@yopmail.com  worker
763  Carree  Darbie  Carree.Darbie@yopmail.com  police officer
764  Nadine  Presber  Nadine.Presber@yopmail.com  worker
765  Odessa  Gaspard  Odessa.Gaspard@yopmail.com  developer
766  Gusella  Parsaye  Gusella.Parsaye@yopmail.com  developer
767  Gale  Melony  Gale.Melony@yopmail.com  developer
768  Lyssa  Nahum  Lyssa.Nahum@yopmail.com  worker
769  Talya  Jethro  Talya.Jethro@yopmail.com  firefighter
770  Pearline  Germann  Pearline.Germann@yopmail.com  firefighter
771  Kathi  Frendel  Kathi.Frendel@yopmail.com  firefighter
772  Kial  Amethist  Kial.Amethist@yopmail.com  worker
773  Harmonia  Clywd  Harmonia.Clywd@yopmail.com  worker
774  Daphne  Bobbee  Daphne.Bobbee@yopmail.com  police officer
775  Trudie  Morgun  Trudie.Morgun@yopmail.com  doctor
776  Evita  Bari  Evita.Bari@yopmail.com  doctor
777  Caryl  Kiersten  Caryl.Kiersten@yopmail.com  developer
778  Dolli  Leifeste  Dolli.Leifeste@yopmail.com  developer
779  Luci  Ezar  Luci.Ezar@yopmail.com  police officer
780  Tina  Aaberg  Tina.Aaberg@yopmail.com  developer
781  Lesly  Mozelle  Lesly.Mozelle@yopmail.com  worker
782  Judy  Jerold  Judy.Jerold@yopmail.com  firefighter
783  Nollie  Thilda  Nollie.Thilda@yopmail.com  developer
784  Lyssa  Sandye  Lyssa.Sandye@yopmail.com  developer
785  Harrietta  Mendez  Harrietta.Mendez@yopmail.com  developer
786  Rosabelle  Casimir  Rosabelle.Casimir@yopmail.com  doctor
787  Minda  Gower  Minda.Gower@yopmail.com  developer
788  Kathi  Sisile  Kathi.Sisile@yopmail.com  worker
789  Nariko  Mandler  Nariko.Mandler@yopmail.com  firefighter
790  Sashenka  Si  Sashenka.Si@yopmail.com  worker
791  Lily  Posner  Lily.Posner@yopmail.com  developer
792  Babita  Swanhildas  Babita.Swanhildas@yopmail.com  doctor
793  Kellen  Meter  Kellen.Meter@yopmail.com  developer
794  Tamqrah  Edmund  Tamqrah.Edmund@yopmail.com  doctor
795  Nadine  Lay  Nadine.Lay@yopmail.com  worker
796  Halette  Bonilla  Halette.Bonilla@yopmail.com  police officer
797  Jean  Connelly  Jean.Connelly@yopmail.com  firefighter
798  Vita  Ries  Vita.Ries@yopmail.com  worker
799  Gale  Meli  Gale.Meli@yopmail.com  doctor
800  Renie  Calhoun  Renie.Calhoun@yopmail.com  developer
801  Deedee  Rosette  Deedee.Rosette@yopmail.com  developer
802  Ricky  Elbertina  Ricky.Elbertina@yopmail.com  police officer
803  Joleen  Anyah  Joleen.Anyah@yopmail.com  police officer
804  Collen  Seagraves  Collen.Seagraves@yopmail.com  worker
805  Cristine  Cherianne  Cristine.Cherianne@yopmail.com  firefighter
806  Dominga  Atcliffe  Dominga.Atcliffe@yopmail.com  police officer
807  Talya  McGrody  Talya.McGrody@yopmail.com  developer
808  Cassondra  Sammons  Cassondra.Sammons@yopmail.com  developer
809  Rivalee  Marijo  Rivalee.Marijo@yopmail.com  worker
810  Ida  Monk  Ida.Monk@yopmail.com  doctor
811  Claudina  Aldric  Claudina.Aldric@yopmail.com  developer
812  Netty  Tillford  Netty.Tillford@yopmail.com  police officer
813  Grier  Letsou  Grier.Letsou@yopmail.com  police officer
814  Celene  Briney  Celene.Briney@yopmail.com  doctor
815  Rhoda  Verger  Rhoda.Verger@yopmail.com  police officer
816  Joeann  Tamsky  Joeann.Tamsky@yopmail.com  worker
817  Shel  Urania  Shel.Urania@yopmail.com  doctor
818  Maryellen  Barrus  Maryellen.Barrus@yopmail.com  doctor
819  Flory  Ade  Flory.Ade@yopmail.com  police officer
820  Ashlee  Birdella  Ashlee.Birdella@yopmail.com  developer
821  Moyna  Hoban  Moyna.Hoban@yopmail.com  police officer
822  Janenna  Dominy  Janenna.Dominy@yopmail.com  police officer
823  Lusa  Solitta  Lusa.Solitta@yopmail.com  police officer
824  Glenda  Fredi  Glenda.Fredi@yopmail.com  worker
825  Brianna  Sheng  Brianna.Sheng@yopmail.com  doctor
826  Meg  Emanuel  Meg.Emanuel@yopmail.com  developer
827  Misha  Kenney  Misha.Kenney@yopmail.com  developer
828  Andeee  Syd  Andeee.Syd@yopmail.com  developer
829  Chere  Kendrick  Chere.Kendrick@yopmail.com  doctor
830  Emilia  Bashemeth  Emilia.Bashemeth@yopmail.com  firefighter
831  Kimberley  Beebe  Kimberley.Beebe@yopmail.com  police officer
832  Nelle  Earlie  Nelle.Earlie@yopmail.com  developer
833  Lynea  Colp  Lynea.Colp@yopmail.com  worker
834  Di  Kussell  Di.Kussell@yopmail.com  developer
835  Kittie  Gordon  Kittie.Gordon@yopmail.com  police officer
836  Florie  Idelia  Florie.Idelia@yopmail.com  firefighter
837  Patricia  Belanger  Patricia.Belanger@yopmail.com  police officer
838  Sallie  Chick  Sallie.Chick@yopmail.com  developer
839  Sophia  Alejoa  Sophia.Alejoa@yopmail.com  doctor
840  Nyssa  Ursulette  Nyssa.Ursulette@yopmail.com  developer
841  Cyndie  Bevin  Cyndie.Bevin@yopmail.com  doctor
842  Leanna  Dulciana  Leanna.Dulciana@yopmail.com  developer
843  Brooks  Vary  Brooks.Vary@yopmail.com  police officer
844  Kristina  Hessler  Kristina.Hessler@yopmail.com  developer
845  Mahalia  Felizio  Mahalia.Felizio@yopmail.com  worker
846  Rebeca  Posner  Rebeca.Posner@yopmail.com  worker
847  Leia  Wiener  Leia.Wiener@yopmail.com  police officer
848  Glenda  Sadowski  Glenda.Sadowski@yopmail.com  doctor
849  Kaja  Munn  Kaja.Munn@yopmail.com  worker
850  Sashenka  Sinegold  Sashenka.Sinegold@yopmail.com  worker
851  Mara  Pearse  Mara.Pearse@yopmail.com  doctor
852  Pamella  Gaynor  Pamella.Gaynor@yopmail.com  developer
853  Georgetta  Johnsson  Georgetta.Johnsson@yopmail.com  police officer
854  Dorice  Trinetta  Dorice.Trinetta@yopmail.com  worker
855  Elmira  Bates  Elmira.Bates@yopmail.com  worker
856  Nessie  Llovera  Nessie.Llovera@yopmail.com  firefighter
857  Maridel  Nelsen  Maridel.Nelsen@yopmail.com  worker
858  Krystle  Teddman  Krystle.Teddman@yopmail.com  developer
859  Dede  Felecia  Dede.Felecia@yopmail.com  doctor
860  Nonnah  Whittaker  Nonnah.Whittaker@yopmail.com  firefighter
861  Kaia  Taam  Kaia.Taam@yopmail.com  firefighter
862  Tamqrah  Kaja  Tamqrah.Kaja@yopmail.com  doctor
863  Annecorinne  Karl  Annecorinne.Karl@yopmail.com  worker
864  Leanna  Kress  Leanna.Kress@yopmail.com  police officer
865  Nessie  Zrike  Nessie.Zrike@yopmail.com  doctor
866  Maye  Cadmar  Maye.Cadmar@yopmail.com  doctor
867  Gaylene  Karl  Gaylene.Karl@yopmail.com  developer
868  Gabi  Creamer  Gabi.Creamer@yopmail.com  worker
869  Annora  Douglass  Annora.Douglass@yopmail.com  firefighter
870  Jenda  Lilybelle  Jenda.Lilybelle@yopmail.com  worker
871  Netty  Sadowski  Netty.Sadowski@yopmail.com  police officer
872  Tilly  Catie  Tilly.Catie@yopmail.com  developer
873  Nita  Haldas  Nita.Haldas@yopmail.com  developer
874  Elora  Masao  Elora.Masao@yopmail.com  worker
875  Linet  Lauraine  Linet.Lauraine@yopmail.com  firefighter
876  Sam  Vittoria  Sam.Vittoria@yopmail.com  worker
877  Flory  Quinn  Flory.Quinn@yopmail.com  firefighter
878  Babita  Frendel  Babita.Frendel@yopmail.com  doctor
879  Rhea  Infield  Rhea.Infield@yopmail.com  police officer
880  Suzette  Oscar  Suzette.Oscar@yopmail.com  worker
881  Nadine  Wilona  Nadine.Wilona@yopmail.com  doctor
882  Kirstin  Lumbard  Kirstin.Lumbard@yopmail.com  developer
883  Gusella  Margarete  Gusella.Margarete@yopmail.com  worker
884  Kirstin  Ahab  Kirstin.Ahab@yopmail.com  firefighter
885  Mara  Bigner  Mara.Bigner@yopmail.com  developer
886  Philis  Joli  Philis.Joli@yopmail.com  worker
887  Trixi  Baptlsta  Trixi.Baptlsta@yopmail.com  police officer
888  Alex  Sundin  Alex.Sundin@yopmail.com  doctor
889  Chloris  Rogerio  Chloris.Rogerio@yopmail.com  police officer
890  Ira  Sophronia  Ira.Sophronia@yopmail.com  police officer
891  Dawn  Nickola  Dawn.Nickola@yopmail.com  doctor
892  Dolli  Lytton  Dolli.Lytton@yopmail.com  worker
893  Lucille  Daniele  Lucille.Daniele@yopmail.com  doctor
894  Verla  Lalitta  Verla.Lalitta@yopmail.com  developer
895  Tabbatha  Connelly  Tabbatha.Connelly@yopmail.com  police officer
896  Grier  Toffic  Grier.Toffic@yopmail.com  police officer
897  Kellen  Ivens  Kellen.Ivens@yopmail.com  developer
898  Alie  Joseph  Alie.Joseph@yopmail.com  doctor
899  Sonni  Hedve  Sonni.Hedve@yopmail.com  doctor
900  Nataline  Tybald  Nataline.Tybald@yopmail.com  worker
901  Karena  Wenoa  Karena.Wenoa@yopmail.com  police officer
902  Juliane  Poppy  Juliane.Poppy@yopmail.com  police officer
903  Katharina  Justinn  Katharina.Justinn@yopmail.com  developer
904  Jaime  Hutchison  Jaime.Hutchison@yopmail.com  firefighter
905  Zondra  My  Zondra.My@yopmail.com  firefighter
906  Leanna  Egbert  Leanna.Egbert@yopmail.com  firefighter
907  Charlena  Blase  Charlena.Blase@yopmail.com  firefighter
908  Leanna  Dielu  Leanna.Dielu@yopmail.com  worker
909  Phedra  Malvino  Phedra.Malvino@yopmail.com  developer
910  Giustina  Goddard  Giustina.Goddard@yopmail.com  developer
911  Jaime  Cleavland  Jaime.Cleavland@yopmail.com  police officer
912  Rebeca  Glovsky  Rebeca.Glovsky@yopmail.com  developer
913  Carmencita  Mehalek  Carmencita.Mehalek@yopmail.com  doctor
914  Dode  Bultman  Dode.Bultman@yopmail.com  firefighter
915  Layla  Sekofski  Layla.Sekofski@yopmail.com  developer
916  Tina  Bebe  Tina.Bebe@yopmail.com  doctor
917  Minda  Yam  Minda.Yam@yopmail.com  police officer
918  Charmaine  Garek  Charmaine.Garek@yopmail.com  police officer
919  Jacenta  Truc  Jacenta.Truc@yopmail.com  firefighter
920  Fernande  Breed  Fernande.Breed@yopmail.com  worker
921  Kathy  Ade  Kathy.Ade@yopmail.com  worker
922  Noelle  Redmond  Noelle.Redmond@yopmail.com  doctor
923  Damaris  Ambrosia  Damaris.Ambrosia@yopmail.com  firefighter
924  Lenna  Timon  Lenna.Timon@yopmail.com  doctor
925  Mamie  Vivle  Mamie.Vivle@yopmail.com  doctor
926  Esmeralda  Anis  Esmeralda.Anis@yopmail.com  worker
927  Melina  Kamaria  Melina.Kamaria@yopmail.com  doctor
928  Elka  Kravits  Elka.Kravits@yopmail.com  firefighter
929  Mariann  Lindemann  Mariann.Lindemann@yopmail.com  developer
930  Lisette  Erlandson  Lisette.Erlandson@yopmail.com  firefighter
931  Eolanda  Havens  Eolanda.Havens@yopmail.com  worker
932  Deirdre  Margarete  Deirdre.Margarete@yopmail.com  police officer
933  Beth  Sherrie  Beth.Sherrie@yopmail.com  police officer
934  Collen  Sparhawk  Collen.Sparhawk@yopmail.com  police officer
935  Lulita  Adlare  Lulita.Adlare@yopmail.com  firefighter
936  Harrietta  Saree  Harrietta.Saree@yopmail.com  firefighter
937  Meghann  Schroth  Meghann.Schroth@yopmail.com  doctor
938  Phedra  An  Phedra.An@yopmail.com  police officer
939  Taffy  Callista  Taffy.Callista@yopmail.com  worker
940  Nyssa  Mallon  Nyssa.Mallon@yopmail.com  worker
941  Nadine  Devlen  Nadine.Devlen@yopmail.com  worker
942  Krystle  Pelagias  Krystle.Pelagias@yopmail.com  firefighter
943  Dawn  Cristi  Dawn.Cristi@yopmail.com  firefighter
944  Larine  Honoria  Larine.Honoria@yopmail.com  worker
945  Ana  Dex  Ana.Dex@yopmail.com  worker
946  Berget  Tippets  Berget.Tippets@yopmail.com  firefighter
947  Romona  Stav  Romona.Stav@yopmail.com  firefighter
948  Margarette  Moseley  Margarette.Moseley@yopmail.com  firefighter
949  Gertrud  Kendrick  Gertrud.Kendrick@yopmail.com  police officer
950  Rhoda  Moina  Rhoda.Moina@yopmail.com  police officer
951  Dianemarie  Georas  Dianemarie.Georas@yopmail.com  firefighter
952  Meghann  Dosia  Meghann.Dosia@yopmail.com  police officer
953  Sidoney  Sholley  Sidoney.Sholley@yopmail.com  police officer
954  Margalo  Mathilde  Margalo.Mathilde@yopmail.com  firefighter
955  Harrietta  Ardra  Harrietta.Ardra@yopmail.com  firefighter
956  Chastity  Hurley  Chastity.Hurley@yopmail.com  worker
957  Kaja  Kazimir  Kaja.Kazimir@yopmail.com  police officer
958  Giustina  Sibyls  Giustina.Sibyls@yopmail.com  worker
959  Lonnie  Girardo  Lonnie.Girardo@yopmail.com  firefighter
960  Liana  Devlen  Liana.Devlen@yopmail.com  firefighter
961  Perry  Weide  Perry.Weide@yopmail.com  developer
962  Chandra  Kolnick  Chandra.Kolnick@yopmail.com  doctor
963  Brana  Zenas  Brana.Zenas@yopmail.com  developer
964  Codie  Selway  Codie.Selway@yopmail.com  police officer
965  Lynea  Xerxes  Lynea.Xerxes@yopmail.com  developer
966  Dode  Burch  Dode.Burch@yopmail.com  police officer
967  Ann-Marie  Newell  Ann-Marie.Newell@yopmail.com  developer
968  Kassey  Chapland  Kassey.Chapland@yopmail.com  worker
969  Karolina  Ardeha  Karolina.Ardeha@yopmail.com  developer
970  Sam  Bobbee  Sam.Bobbee@yopmail.com  police officer
971  Lory  Leopold  Lory.Leopold@yopmail.com  police officer
972  Lucille  Fontana  Lucille.Fontana@yopmail.com  police officer
973  Hayley  Cordi  Hayley.Cordi@yopmail.com  developer
974  Paule  Primalia  Paule.Primalia@yopmail.com  firefighter
975  Kylynn  Afton  Kylynn.Afton@yopmail.com  doctor
976  Viki  Gilmour  Viki.Gilmour@yopmail.com  developer
977  Nyssa  Roxanna  Nyssa.Roxanna@yopmail.com  developer
978  Theodora  Orelee  Theodora.Orelee@yopmail.com  firefighter
979  Sabina  Anderea  Sabina.Anderea@yopmail.com  firefighter
980  Roxane  LaRue  Roxane.LaRue@yopmail.com  worker
981  Edee  Telfer  Edee.Telfer@yopmail.com  doctor
982  Jenilee  Sekofski  Jenilee.Sekofski@yopmail.com  worker
983  Darci  Guthrie  Darci.Guthrie@yopmail.com  doctor
984  Beth  Waite  Beth.Waite@yopmail.com  police officer
985  Natka  Isidore  Natka.Isidore@yopmail.com  developer
986  Kassey  Wandie  Kassey.Wandie@yopmail.com  firefighter
987  Florencia  An  Florencia.An@yopmail.com  worker
988  Cyndie  Darrell  Cyndie.Darrell@yopmail.com  doctor
989  Imojean  Leonard  Imojean.Leonard@yopmail.com  firefighter
990  Augustine  Fleeta  Augustine.Fleeta@yopmail.com  firefighter
991  Dede  Honoria  Dede.Honoria@yopmail.com  firefighter
992  Winny  Ivens  Winny.Ivens@yopmail.com  developer
993  Sara-Ann  Lorain  Sara-Ann.Lorain@yopmail.com  firefighter
994  Marline  Cullin  Marline.Cullin@yopmail.com  police officer
995  Elka  Dorine  Elka.Dorine@yopmail.com  developer
996  Lizzie  Hebner  Lizzie.Hebner@yopmail.com  doctor
997  Gabi  Bryna  Gabi.Bryna@yopmail.com  police officer
998  Sophia  Behre  Sophia.Behre@yopmail.com  worker
999  Renie  Maiah  Renie.Maiah@yopmail.com  doctor
1000  Blinni  Gino  Blinni.Gino@yopmail.com  firefighter
1001  Mignon  Stacy  Mignon.Stacy@yopmail.com  police officer
1002  Lorne  Daegal  Lorne.Daegal@yopmail.com  developer
1003  Cherilyn  Oneida  Cherilyn.Oneida@yopmail.com  police officer
1004  Lorenza  Kannry  Lorenza.Kannry@yopmail.com  firefighter
1005  Fernande  Casimir  Fernande.Casimir@yopmail.com  doctor
1006  Reeba  Cherianne  Reeba.Cherianne@yopmail.com  police officer
1007  Misha  Ferino  Misha.Ferino@yopmail.com  doctor
1008  Marita  Junie  Marita.Junie@yopmail.com  developer
1009  Shannah  Kronfeld  Shannah.Kronfeld@yopmail.com  police officer
1010  Malina  Tjon  Malina.Tjon@yopmail.com  police officer
1011  Kaia  Percy  Kaia.Percy@yopmail.com  police officer
1012  Tamqrah  Quent  Tamqrah.Quent@yopmail.com  worker
1013  Ermengarde  Nikaniki  Ermengarde.Nikaniki@yopmail.com  police officer
1014  Gratia  Seumas  Gratia.Seumas@yopmail.com  worker
1015  Jeanna  Iiette  Jeanna.Iiette@yopmail.com  firefighter
1016  Roxane  Creamer  Roxane.Creamer@yopmail.com  developer
1017  Sharlene  Whiffen  Sharlene.Whiffen@yopmail.com  firefighter
1018  Merci  Blase  Merci.Blase@yopmail.com  developer
1019  Dorice  Huggins  Dorice.Huggins@yopmail.com  police officer
1020  Jolyn  Kravits  Jolyn.Kravits@yopmail.com  police officer
1021  Gui  Bigner  Gui.Bigner@yopmail.com  police officer
1022  Imojean  Hutchison  Imojean.Hutchison@yopmail.com  doctor
1023  Meghann  Monaco  Meghann.Monaco@yopmail.com  worker
1024  Emelina  Rolf  Emelina.Rolf@yopmail.com  doctor
1025  Brietta  Camden  Brietta.Camden@yopmail.com  doctor
1026  Oralee  Cosenza  Oralee.Cosenza@yopmail.com  developer
1027  Daune  Hieronymus  Daune.Hieronymus@yopmail.com  worker
1028  Vivia  Dahlia  Vivia.Dahlia@yopmail.com  firefighter
1029  Veda  Roscoe  Veda.Roscoe@yopmail.com  police officer
1030  Correy  Haerr  Correy.Haerr@yopmail.com  police officer
1031  Shannah  Meter  Shannah.Meter@yopmail.com  worker
1032  Lorenza  O'Carroll  Lorenza.O'Carroll@yopmail.com  firefighter
1033  Vere  Sherfield  Vere.Sherfield@yopmail.com  worker
1034  Gabi  Solitta  Gabi.Solitta@yopmail.com  doctor
1035  Berta  Kirstin  Berta.Kirstin@yopmail.com  doctor
1036  Bernardine  Monaco  Bernardine.Monaco@yopmail.com  doctor
1037  Rivalee  Merat  Rivalee.Merat@yopmail.com  developer
1038  Madeleine  Ivens  Madeleine.Ivens@yopmail.com  developer
1039  Jorry  Corrine  Jorry.Corrine@yopmail.com  worker
1040  Lyssa  Gavrila  Lyssa.Gavrila@yopmail.com  worker
1041  Rhoda  Gualtiero  Rhoda.Gualtiero@yopmail.com  developer
1042  Gertrud  Gaynor  Gertrud.Gaynor@yopmail.com  worker
1043  Lorie  Maiah  Lorie.Maiah@yopmail.com  doctor
1044  Reeba  Haymes  Reeba.Haymes@yopmail.com  police officer
1045  Misha  Haldas  Misha.Haldas@yopmail.com  firefighter
1046  Daune  Vilma  Daune.Vilma@yopmail.com  police officer
1047  Celisse  Roumell  Celisse.Roumell@yopmail.com  police officer
1048  Max  Ingra  Max.Ingra@yopmail.com  worker
1049  Regina  Suk  Regina.Suk@yopmail.com  police officer
1050  Lanna  Hewitt  Lanna.Hewitt@yopmail.com  worker
1051  Jacquetta  Brenn  Jacquetta.Brenn@yopmail.com  doctor
1052  Gratia  Saree  Gratia.Saree@yopmail.com  firefighter
1053  Vanessa  Selway  Vanessa.Selway@yopmail.com  police officer
1054  Felice  Karna  Felice.Karna@yopmail.com  developer
1055  Andree  Sharl  Andree.Sharl@yopmail.com  police officer
1056  Silvana  Dex  Silvana.Dex@yopmail.com  developer
1057  Ana  Buttaro  Ana.Buttaro@yopmail.com  worker
1058  Fanny  Cynar  Fanny.Cynar@yopmail.com  police officer
1059  Genevra  Minetta  Genevra.Minetta@yopmail.com  doctor
1060  Chandra  Rocray  Chandra.Rocray@yopmail.com  firefighter
1061  Bill  Naor  Bill.Naor@yopmail.com  developer
1062  Meriel  Gaynor  Meriel.Gaynor@yopmail.com  firefighter
1063  Raquela  Herrera  Raquela.Herrera@yopmail.com  worker
1064  Teddie  Liva  Teddie.Liva@yopmail.com  police officer
1065  Tami  Therine  Tami.Therine@yopmail.com  doctor
1066  Raquela  Lea  Raquela.Lea@yopmail.com  firefighter
1067  Danny  Karylin  Danny.Karylin@yopmail.com  developer
1068  Collen  Stover  Collen.Stover@yopmail.com  developer
1069  Winifred  Kelula  Winifred.Kelula@yopmail.com  doctor
1070  Tori  Callista  Tori.Callista@yopmail.com  firefighter
1071  Meg  Bevin  Meg.Bevin@yopmail.com  worker
1072  Claresta  Sidonius  Claresta.Sidonius@yopmail.com  worker
1073  Stevana  Shirberg  Stevana.Shirberg@yopmail.com  firefighter
1074  Gale  Giule  Gale.Giule@yopmail.com  firefighter
1075  Pollyanna  Bari  Pollyanna.Bari@yopmail.com  firefighter
1076  Carolina  Cullin  Carolina.Cullin@yopmail.com  police officer
1077  Jsandye  Edee  Jsandye.Edee@yopmail.com  developer
1078  Miquela  Kenwood  Miquela.Kenwood@yopmail.com  worker
1079  Cissiee  Weinreb  Cissiee.Weinreb@yopmail.com  worker
1080  Kayla  Ball  Kayla.Ball@yopmail.com  doctor
1081  Annecorinne  Lattie  Annecorinne.Lattie@yopmail.com  worker
1082  Zaria  Riva  Zaria.Riva@yopmail.com  worker
1083  Carmencita  Kunin  Carmencita.Kunin@yopmail.com  doctor
1084  Hallie  Read  Hallie.Read@yopmail.com  worker
1085  Claudina  Harl  Claudina.Harl@yopmail.com  police officer
1086  Noelle  Francene  Noelle.Francene@yopmail.com  worker
1087  Deedee  Screens  Deedee.Screens@yopmail.com  firefighter
1088  Sherrie  Annice  Sherrie.Annice@yopmail.com  police officer
1089  Ariela  Toffic  Ariela.Toffic@yopmail.com  developer
1090  Hannis  Raychel  Hannis.Raychel@yopmail.com  police officer
1091  Elka  Salvidor  Elka.Salvidor@yopmail.com  police officer
1092  Melisent  Timon  Melisent.Timon@yopmail.com  police officer
1093  Alia  Loleta  Alia.Loleta@yopmail.com  developer
1094  Sybille  Alabaster  Sybille.Alabaster@yopmail.com  worker
1095  Rubie  Merriott  Rubie.Merriott@yopmail.com  police officer
1096  Ursulina  Esmaria  Ursulina.Esmaria@yopmail.com  doctor
1097  Cherrita  Danby  Cherrita.Danby@yopmail.com  doctor
1098  Sheelagh  Levey  Sheelagh.Levey@yopmail.com  worker
1099  Britte  Torray  Britte.Torray@yopmail.com  worker